{
  "project_info": {
    "project_number": "571117702154",
    "project_id": "filmoteca-12964",
    "storage_bucket": "filmoteca-12964.firebasestorage.app"
  },
  "client": [
    {
      "client_info": {
        "mobilesdk_app_id": "1:571117702154:android:b01be749d8b5ac20d0a3f3",
        "android_client_info": {
          "package_name": "es.ua.eps.raw_filmoteca"
        }
      },
      "oauth_client": [],
      "api_key": [
        {
          "current_key": "AIzaSyCFlxiewCnJVtHG8piEsy7PtUnsqj_Q7Kc"
        }
      ],
      "services": {
        "appinvite_service": {
          "other_platform_oauth_client": []
        }
      }
    }
  ],
  "configuration_version": "1"
}